Pref.,Total cases(ave7),cases(ave7),Total deaths(ave7),deaths(ave7),Td,Rt,K,CFR
Hokkaido,171.85714285714283,1.5714285714285712,0.8571428571428571,-0.14285714285714285,58.982752545889795,1.1541177635824627,0.07896924355777213,-0.11111111111111112
Tokyo,347.85714285714283,46.57142857142857,0.7142857142857142,0.42857142857142855,4.918640176702232,3.5648332655935153,0.6271047227926078,0.05454545454545454
Aichi,159.7142857142857,4.571428571428571,2.4285714285714284,0.42857142857142855,25.03154629659922,1.6406707120152761,0.17620751341681573,0.18750000000000003
Osaka,183.14285714285714,16.57142857142857,0.2857142857142857,0.2857142857142857,9.46946579408833,3.1765091409885935,0.40093603744149764,0.08695652173913043
Fukuoka,20.142857142857142,4.857142857142857,0.0,0.0,3.7753165985351034,3.932323361268363,0.723404255319149,0.0
Zenkoku,1574.5714285714284,141.1428571428571,6.142857142857142,1.714285714285714,8.83414198343564,2.707477774132694,0.42260932680094354,0.048979591836734684
