Pref.,Total cases(ave7),cases(ave7),Total deaths(ave7),deaths(ave7),Td,Rt,K,CFR
Hokkaido,182.85714285714283,2.4285714285714284,1.0,0.14285714285714285,48.02581457902509,1.3647093553343677,0.09609374999999998,0.09090909090909093
Tokyo,624.4285714285713,65.85714285714286,0.7142857142857142,0.14285714285714285,4.427557319206985,1.6132674566160332,0.665751544269046,0.00423728813559322
Aichi,184.85714285714286,6.999999999999999,2.714285714285714,0.42857142857142855,19.898802367029518,1.4196990894514845,0.21638330757341573,0.09999999999999999
Osaka,285.2857142857143,25.571428571428573,0.2857142857142857,0.0,6.65255925204783,1.793629813343567,0.5177766649974963,0.0
Fukuoka,47.857142857142854,6.428571428571428,0.0,0.0,3.18443415617001,2.0930537409782195,0.782089552238806,0.0
Zenkoku,2386.714285714286,195.85714285714286,7.428571428571428,1.5714285714285714,6.783812504349774,1.6113931801625319,0.5109235649727659,0.015647226173541966
