Pref.,Total cases(ave7),cases(ave7),Total deaths(ave7),deaths(ave7),Td,Rt,K,CFR
Hokkaido,176.7142857142857,2.4285714285714284,1.0,0.14285714285714285,54.699661211369985,1.460852514471149,0.0848827809215843,0.1
Tokyo,469.99999999999994,66.14285714285714,0.7142857142857142,0.2857142857142857,4.499068715651732,2.9056836030977795,0.6598784194528875,0.019230769230769232
Aichi,170.57142857142856,5.142857142857142,2.714285714285714,0.42857142857142855,22.457920774687953,1.709041295570143,0.19430485762144034,0.17647058823529413
Osaka,229.71428571428572,22.57142857142857,0.2857142857142857,0.14285714285714285,7.350261848454937,3.27629302551194,0.48320895522388063,0.03333333333333333
Fukuoka,33.57142857142857,7.142857142857142,0.0,0.0,3.1352725570647646,4.5470285533661166,0.7872340425531915,0.0
Zenkoku,1936.9999999999998,184.28571428571428,6.571428571428571,1.5714285714285712,7.420355767999266,2.7068048839138825,0.47997639943948656,0.034374999999999996
