Pref.,Total cases(ave7),cases(ave7),Total deaths(ave7),deaths(ave7),Td,Rt,K,CFR
Hokkaido,179.85714285714283,2.571428571428571,1.0,0.14285714285714285,50.196166797489525,1.5217296534183684,0.09213661636219217,0.1
Tokyo,548.8571428571429,58.714285714285715,0.7142857142857142,0.14285714285714285,4.238742662862526,2.804834272329219,0.6816762103071318,0.010309278350515464
Aichi,177.4285714285714,4.857142857142857,2.571428571428571,0.2857142857142857,20.656874204470203,1.5750353091185645,0.20933977455716568,0.11111111111111112
Osaka,257.2857142857143,22.142857142857142,0.2857142857142857,0.14285714285714285,6.764179655452012,2.3814335956354604,0.5119378123264853,0.021739130434782608
Fukuoka,41.285714285714285,6.428571428571427,0.0,0.0,2.988852857639712,3.7776752786750554,0.8027681660899654,0.0
Zenkoku,2166.142857142857,172.57142857142856,6.428571428571428,1.2857142857142856,6.803204092202639,2.452725366516778,0.5099254764888214,0.026162790697674417
