Pref.,Total cases(ave7),cases(ave7),Total deaths(ave7),deaths(ave7),Td,Rt,K,CFR
Hokkaido,174.1428571428571,2.1428571428571423,1.0,0.0,57.893416786771205,1.3359169825354338,0.08039376538146004,0.0
Tokyo,403.85714285714283,52.285714285714285,0.7142857142857142,0.42857142857142855,4.686937314719287,2.745595060342764,0.6448532012734347,0.033707865168539325
Aichi,165.0,4.857142857142857,2.571428571428571,0.5714285714285714,23.801922844331134,1.640670712015276,0.18441558441558448,0.23529411764705882
Osaka,204.57142857142858,20.428571428571427,0.2857142857142857,0.14285714285714285,8.280301322641014,3.289448204161881,0.4434357541899442,0.037037037037037035
Fukuoka,26.285714285714285,5.857142857142857,0.0,0.0,3.391258717097493,5.271638464301126,0.7608695652173914,0.0
Zenkoku,1744.142857142857,159.28571428571425,6.428571428571428,1.714285714285714,8.063748881283885,2.616791934240159,0.4521254812023917,0.04137931034482758
